iso3,period,admin_level,service,admin_name,pop_total,pop_covered,pop_coverage_pct,area_coverage_pct,tiles,tests,devices,d_median_pop,d_mean_pop,d_median_tile,d_p10_pop,d_p90_pop,divide_ratio,u_median_pop,lat_median_pop,pct_above_bb,pct_above_hi,density
BWA,2026Q2,ADM2,fixed,Barolong,34505.555351045004,1620.0350039564073,4.694997624222688,0.21968522312481148,8.0,22.0,8.0,10.782482640619204,63.65495922975038,6.66,2.296145060631212,285.8235521348887,124.47974521971864,2.1659123968854015,24.610035538908136,55.231233747360164,24.39003130875354,31.13871625899034
BWA,2026Q2,ADM2,fixed,Bobonong,130426.59269789941,36420.683279573925,27.924277193941066,0.1696858343658249,74.0,353.0,126.0,32.20333805177522,56.39857865621112,47.507,3.6621309643556765,153.41886811727952,41.89333194539982,13.625639193631176,27.0,65.50145251337798,50.10753565819145,9.301200256818765
BWA,2026Q2,ADM2,fixed,Chobe,29720.789638628812,14608.903775416315,49.153821123341814,0.13707105551389392,85.0,383.0,185.0,44.106799705618734,78.04137202205989,67.364,10.75176438874815,196.75410207408558,18.29970365421987,15.771049778735513,33.0,93.64394426998516,68.62784179267263,1.4177105861196213
BWA,2026Q2,ADM2,fixed,Gaborone,443431.95573227125,356549.09836149216,80.40672165196052,14.183586884589472,608.0,9611.0,2832.0,78.03745834514048,81.13271368064795,76.7065,9.940730648660987,149.5902418364845,15.04821397174002,31.828016076586753,21.0,90.01702228549058,82.21574601944114,334.92084608399256
BWA,2026Q2,ADM2,fixed,Gemsbok,391.95421621270697,14.443818587809801,3.685077999000624,0.009387140063499154,8.0,19.0,12.0,25.105868668662957,35.89294327747433,123.2755,0.15894164988178772,163.46372919377154,1028.4511914614395,5.214301881254356,27.0,56.45233919727861,56.45233919727861,0.015061560854626203
BWA,2026Q2,ADM2,fixed,Ghanzi,60981.251773911004,13364.611120223999,21.915934375656168,0.015510426392409191,55.0,140.0,66.0,10.138611423944656,71.08413016962878,88.28,2.5091851431697525,202.81704931751307,80.82984624295298,19.908857974286608,39.574305567926615,52.05193073907757,44.22803433276346,0.5330129314343885
BWA,2026Q2,ADM2,fixed,Hukunsti,25372.80330966786,3550.280225753784,13.992463435843577,0.006810922801450694,10.0,32.0,19.0,15.778403446699002,45.7678716941208,22.5965,0.9552193960799714,131.7950284069399,137.9735681119963,10.477081838925464,65.01095324599511,49.097176668355736,31.56579503070664,0.551854080677271
BWA,2026Q2,ADM2,fixed,Kgatleng,133847.26337408085,40966.54305970669,30.606933624942343,0.4321985826088462,109.0,512.0,144.0,25.806907632544505,61.90988333443442,31.883,2.8803914583376167,178.63326830274826,62.01701084263189,11.956790445615985,27.436490161394875,67.59556108336368,49.7230849230606,17.114908240957792
BWA,2026Q2,ADM2,fixed,Kweneng North,138349.81399275357,41931.19131851213,30.308093743232924,0.26843530353745243,85.0,415.0,121.0,35.70605357587509,57.715148973812916,30.951,3.648371929145055,130.89464143004025,35.87754866338794,11.008770170073312,29.071358754954247,74.902646684371,55.928069929422676,14.104726133655117
BWA,2026Q2,ADM2,fixed,Kweneng South,210206.02991998757,45491.5957998056,21.64143236857736,0.09933134759870592,87.0,317.0,118.0,30.886068197840892,61.46114057157944,28.888,4.466451941655055,191.8552457038808,42.95473190131054,11.659367500002386,27.0,79.89161719829066,55.85950236630648,7.748293284033542
BWA,2026Q2,ADM2,fixed,Lethlakane,89746.57643571362,26503.64281284809,29.53164774127392,0.08228173418789414,73.0,360.0,138.0,41.225108338992,79.26672172098512,90.114,4.576796426346876,193.6885004898056,42.31966695630476,25.080362892507356,27.0,83.83873142194297,73.2484905717497,3.115752018166639
BWA,2026Q2,ADM2,fixed,Machaneng,55183.45948731567,5993.433409810066,10.860923663525847,0.11229392497795027,19.0,132.0,20.0,15.462164454684409,57.102550838647815,12.882,3.553523164178104,204.29461952612448,57.490724018785414,21.25187313710328,24.453824479767974,76.06774194781623,32.61324412923359,10.304443726831389
BWA,2026Q2,ADM2,fixed,Mahalapye,77151.5045800388,11621.502462029457,15.063222065841936,0.0993294299498448,36.0,113.0,43.0,14.955356571308956,74.54016669489354,23.8995,1.9189049826485847,267.8849978703513,139.603055019744,14.185666656876228,25.0,59.70899475937523,41.30537165999858,6.735569720119486
BWA,2026Q2,ADM2,fixed,Masungu,200994.8650342939,101346.36260384321,50.422364067137444,0.9134469355377279,150.0,1376.0,387.0,60.46110355871672,79.13544762790718,57.6935,6.820764999901735,173.85568278176223,25.489176475698386,19.77296216019179,24.0,81.31212460672285,70.57491142836372,37.625349432886104
BWA,2026Q2,ADM2,fixed,Ngamiland East,119884.30007948655,60861.85557936877,50.76716095353245,0.15548946587514093,247.0,971.0,435.0,50.22246468632357,87.82003972261754,69.166,4.924507080806957,226.0455398895211,45.90216567471765,19.76371964621384,33.0,80.8209196113384,60.85136269651243,2.279925775293042
BWA,2026Q2,ADM2,fixed,Ngamiland West,92942.4127976791,8767.968540728105,9.433764711719483,0.03304193313007111,58.0,160.0,83.0,105.59589928892683,120.3060037043529,66.803,7.595507229684918,285.5052246190442,37.58869763209846,28.374506979033654,35.0,84.21488362827661,62.90249446130735,1.5817391713619242
BWA,2026Q2,ADM2,fixed,Ngwaketse Central,28528.444599154987,451.4627113342285,1.5825002648325273,0.03127518642795019,5.0,10.0,5.0,205.88718725527707,180.96078958009187,182.945,24.141330189317525,381.1087498347449,15.786567966473717,21.897188896839033,20.652922249431207,100.0,67.02954968295643,5.8152543838256205
BWA,2026Q2,ADM2,fixed,Ngwaketse North,159270.55642673848,40733.51277065277,25.575042672365772,0.16421453049364654,78.0,277.0,116.0,47.66430134871423,98.3450991281043,75.66550000000001,2.9999520346034116,280.999590159272,93.66802766112212,17.903283430994307,27.0,67.37969465841188,54.767847763425856,10.875094946675588
BWA,2026Q2,ADM2,fixed,Ngwaketse South,32155.238618955947,110.8432445526123,0.34471286581362426,0.018116098188345843,4.0,8.0,4.0,80.02737765783809,80.02678365671446,58.4105,20.67119801976056,140.81236258936934,6.812007821450902,19.960009869939874,24.0,96.91457661601551,78.89996724185036,4.792823890446484
BWA,2026Q2,ADM2,fixed,Palapye,116421.3866616308,29535.822389543056,25.369756568341263,0.3792627027561229,90.0,457.0,151.0,53.12833278538219,83.02274621379651,53.1595,2.4234045933228225,219.7382788648431,90.67337722734591,17.14061063745172,27.29309953214845,71.26688348037396,61.24112245778679,15.38524451712962
BWA,2026Q2,ADM2,fixed,Serowe,159295.4053900877,36513.0601370075,22.92160282187245,0.10000523379190798,96.0,286.0,129.0,36.45949325472577,81.9324513222418,41.825,3.817201802097662,219.2777800960392,57.44463915309371,18.09241898467535,28.0,67.3692828567978,54.453854638129165,5.164176620774527
BWA,2026Q2,ADM2,fixed,South East,42786.168846958986,21502.735571995378,50.25627709016924,2.302308749067701,52.0,317.0,102.0,60.45640526199329,92.27459505099917,60.215,3.3742296915191208,267.33446997676185,79.22829635714707,18.56099596087012,26.965972608669013,77.11503457860603,68.1256872921579,61.89344428107391
BWA,2026Q2,ADM2,fixed,Tshabong,35752.585932437585,1588.7698580026627,4.443790054808887,0.008216666091641638,9.0,24.0,12.0,82.5900934577806,82.7425386129129,108.864,36.27712760383361,178.83578886885067,4.929711933696538,21.972919608378714,21.074315370025385,98.94072585589457,98.94072585589457,1.0780387186340872
BWA,2026Q2,ADM2,fixed,Tuli,6488.9931390504835,976.252250259814,15.04474160073879,0.3203405753672024,47.0,165.0,66.0,64.00050303066493,96.2332776949157,95.735,34.333419596025166,171.0380630083993,4.98167863908903,14.077628965604346,27.0,94.03062156993455,91.31933216819853,1.3874208771496368
BWA,2026Q2,ADM2,fixed,Tutume,112047.50634842154,11743.463900357485,10.48079005331913,0.04251492673495179,57.0,311.0,94.0,39.35785617971538,77.63701007950574,39.289,3.6288893560691484,225.75704679935052,62.211058163507346,18.86088605111973,35.0,83.11915009847604,67.439306826967,2.5471085006869676
BWA,2026Q2,ADM2,mobile,Barolong,34505.555351045004,6283.402765274048,18.20982940674147,0.687218104940465,25.0,110.0,41.0,25.1257478917966,31.112512810782526,32.209,18.225344304921588,52.34252088980721,2.871963350271116,3.7057545235344067,45.15240183299072,96.70966702644824,46.99696377443846,31.13871625899034
BWA,2026Q2,ADM2,mobile,Bobonong,130426.59269789941,39615.16490864754,30.37353356336323,0.18572660396058038,81.0,351.0,149.0,43.241308812480206,45.39518069001415,39.88,8.626888970327526,82.62676059979854,9.577816624741093,24.28602033786647,37.0,83.82934239344266,73.37464265865066,9.301200256818765
BWA,2026Q2,ADM2,mobile,Chobe,29720.789638628812,7766.351642310619,26.131040718435383,0.056486762182862145,35.0,203.0,57.0,28.142590066387683,31.455592593997107,28.309,16.116661590400664,49.51284695321853,3.0721527951365037,14.100306757607314,128.80735424490436,96.83398799699088,57.35713304292155,1.4177105861196213
BWA,2026Q2,ADM2,mobile,Gaborone,443431.95573227125,317613.3651418686,71.62617872619728,9.985293631771755,428.0,9264.0,1201.0,49.234317537159384,74.57110491805356,46.845,16.781257513792642,164.0188974773388,9.773933648448601,17.380693698439455,31.0,96.13296142516805,81.55104170304003,334.92084608399256
BWA,2026Q2,ADM2,mobile,Ghanzi,60981.251773911004,16339.750761345029,26.794711958234185,0.021025996336124637,75.0,294.0,116.0,26.176179674587562,42.98231039802979,26.258,12.138403261194293,91.8019940822073,7.562938230573741,15.098362966390587,50.0,91.53157468896731,55.764948496152854,0.5330129314343885
BWA,2026Q2,ADM2,mobile,Hukunsti,25372.80330966786,5360.726593017578,21.127845148174732,0.014988021282089805,22.0,135.0,43.0,26.54024525659322,34.08266808239359,23.922,10.65806422235628,71.70193737909702,6.727482203446995,14.457152418632937,47.0,91.04148917801223,53.37252879809012,0.551854080677271
BWA,2026Q2,ADM2,mobile,Kgatleng,133847.26337408085,29454.62313388288,22.006145207139653,0.32549663777940435,82.0,235.0,96.0,39.35098648188104,61.372788577585574,33.538,5.568905078037094,197.87994624414122,35.53300756095652,14.756297782495555,29.03087525652955,81.29077016740436,66.76441281310262,17.114908240957792
BWA,2026Q2,ADM2,mobile,Kweneng North,138349.81399275357,27871.320655822754,20.145542557276286,0.1675025324270623,53.0,360.0,100.0,28.313071154798518,39.934740191324266,25.749,5.9209747642449955,106.0229313397429,17.906330555567273,13.947759525867312,30.0,85.443601407938,58.09094062159045,14.104726133655117
BWA,2026Q2,ADM2,mobile,Kweneng South,210206.02991998757,37719.1881890893,17.943913504025865,0.12242745277244657,107.0,359.0,146.0,23.462938084034185,34.334646422139166,32.343,3.1002068355154657,70.93743332672348,22.881516327902954,11.949995276246412,41.918343555465164,82.11198437581425,48.25068544045526,7.748293284033542
BWA,2026Q2,ADM2,mobile,Lethlakane,89746.57643571362,19594.768280029297,21.83344374597423,0.04960975685724941,44.0,164.0,61.0,35.61326997820824,51.894056908917044,35.291,15.353667564307935,85.29798486301925,5.555544595827261,21.851430584776807,38.0,93.46993423965844,72.22194035027962,3.115752018166639
BWA,2026Q2,ADM2,mobile,Machaneng,55183.45948731567,16341.696229696274,29.613395719513626,0.3307432741921658,56.0,202.0,82.0,40.36871351643146,68.75529435195622,36.5155,13.894273467974521,139.14569798930083,10.014607695035183,16.980632642988603,29.0,91.30561447613367,74.64763595337975,10.304443726831389
BWA,2026Q2,ADM2,mobile,Mahalapye,77151.5045800388,21075.58187443018,27.31713657322894,0.16840989642359755,61.0,262.0,92.0,38.824793312126616,54.43192884906756,38.439,12.43897033852488,121.25018694549892,9.747606405167922,14.494762243728537,33.0,94.35632184080994,75.76210975146954,6.735569720119486
BWA,2026Q2,ADM2,mobile,Masungu,200994.8650342939,87808.34964904189,43.68686216638418,0.7978514242703062,131.0,1094.0,291.0,52.640338090367415,70.19538896648993,43.431,19.219206795064373,120.90673818923896,6.290932788146526,27.57810494915816,30.0,93.53783482656989,82.44144381512963,37.625349432886104
BWA,2026Q2,ADM2,mobile,Ngamiland East,119884.30007948655,50936.931884139776,42.4884091164291,0.07787307586724715,124.0,477.0,185.0,34.27957082902568,66.57744938841556,26.0105,5.671213828958126,158.88661988424383,28.01633383543807,11.661803157030391,45.0,81.77313591481867,61.11140981675478,2.279925775293042
BWA,2026Q2,ADM2,mobile,Ngamiland West,92942.4127976791,11975.976895481348,12.885373356457993,0.03292661313490483,58.0,123.0,62.0,17.02085801350999,21.508124948617297,17.5065,10.486341508024985,32.80310696074241,3.128174581729849,13.636270083163748,64.90631733483924,90.38884156786817,28.892788832960132,1.5817391713619242
BWA,2026Q2,ADM2,mobile,Ngwaketse Central,28528.444599154987,3275.640651702881,11.482016274381483,0.06871634140803869,11.0,19.0,11.0,36.92488078796631,37.76747116796903,36.377,5.442580206291716,74.96611062663705,13.774001996327945,7.711872523071582,129.21390008314526,83.6346962478382,54.85876564354528,5.8152543838256205
BWA,2026Q2,ADM2,mobile,Ngwaketse North,159270.55642673848,51253.83645427227,32.18035875817894,0.24409613220168735,116.0,538.0,181.0,35.51382103953061,37.692298643055295,36.337,10.632324536638185,54.7455166239726,5.148969675946562,22.06489060556451,39.0,91.28745251462911,74.09028955080721,10.875094946675588
BWA,2026Q2,ADM2,mobile,Ngwaketse South,32155.238618955947,766.079185962677,2.382439748125716,0.02277309666140102,5.0,16.0,5.0,56.03915021845231,47.15437430210432,54.051,17.61780327168693,79.9370122370866,4.537286005772984,5.823509265222092,228.88192375919277,100.0,67.6669689039082,4.792823890446484
BWA,2026Q2,ADM2,mobile,Palapye,116421.3866616308,37477.28049963713,32.19106177506867,0.5476161470797468,130.0,499.0,216.0,41.304694230515196,62.35041845758016,36.8185,5.777080537847361,153.4245128331785,26.55744745603756,16.92636506619886,28.931044944653806,82.84761860208971,67.04976622721261,15.38524451712962
BWA,2026Q2,ADM2,mobile,Serowe,159295.4053900877,48096.085742652416,30.193015062093714,0.13753771563099026,132.0,623.0,225.0,50.266507170350664,52.02999278845904,38.210499999999996,15.240054802198488,88.50493727511709,5.807389699304074,25.189799603179804,38.32728539027775,91.52596163298016,75.38665683939672,5.164176620774527
BWA,2026Q2,ADM2,mobile,South East,42786.168846958986,18978.335072040558,44.35623843752825,1.28381749199975,29.0,110.0,42.0,28.347715913124738,37.29984601094668,29.832,16.782472136754365,54.18323523291314,3.228561012429714,20.96802342341847,47.0,92.45120269019867,65.69657159368958,61.89344428107391
BWA,2026Q2,ADM2,mobile,Tshabong,35752.585932437585,2209.6671895980835,6.180440189064193,0.004551211769981331,5.0,35.0,5.0,64.04995552716633,62.35700088446604,57.444,38.295,81.14388451054873,2.1189159031348406,48.21482213186496,41.358850360934525,100.0,100.0,1.0780387186340872
BWA,2026Q2,ADM2,mobile,Tuli,6488.9931390504835,731.9520702362779,11.2799020518518,0.054350517536577596,8.0,18.0,10.0,32.26715623222133,41.0421685564672,30.852,11.683315047345832,101.32916270929726,8.672980425390207,18.823922666314097,35.278255060838795,99.99999999999028,70.12137815762271,1.3874208771496368
BWA,2026Q2,ADM2,mobile,Tutume,112047.50634842154,10197.982614636421,9.101481101172302,0.029776005071745985,40.0,157.0,60.0,31.295379320216764,30.592471353549723,25.7985,3.998565153183174,48.92791545189071,12.236368191459935,13.857543097978084,31.0,83.57203247366854,60.15821801230945,2.5471085006869676
